residues contact,residue 1 position,residue 1,residue 1 domain,residue 2 position,residue 2,residue 2 domain,number atoms contacts,atoms contacts
718GLU_573ARG,718,GLU,PPR,573,ARG,FABD-like,6,GLU718_OE1-ARG573_HH12 | GLU718_OE1-ARG573_HH22 | GLU718_OE2-ARG573_HH12 | GLU718_OE2-ARG573_HH22 | GLU718_C-ARG573_HH12 | GLU718_C-ARG573_HH22
732SER_306CYS,732,SER,PPR,306,CYS,MetY,1,SER732_CA-CYS306_O
736SER_295PRO,736,SER,PPR,295,PRO,MetY,1,SER736_N-PRO295_HA
736SER_296GLY,736,SER,PPR,296,GLY,MetY,1,SER736_N-GLY296_H
746PRO_209LEU,746,PRO,PPR,209,LEU,MetY,1,PRO746_CB-LEU209_O
746PRO_210LEU,746,PRO,PPR,210,LEU,MetY,1,PRO746_HG3-LEU210_HA
746PRO_218VAL,746,PRO,PPR,218,VAL,MetY,1,PRO746_HB3-VAL218_HB
746PRO_220THR,746,PRO,PPR,220,THR,MetY,1,PRO746_C-THR220_OG1
747PRO_228GLY,747,PRO,PPR,228,GLY,MetY,1,PRO747_N-GLY228_H
753THR_223GLY,753,THR,PPR,223,GLY,MetY,2,THR753_N-GLY223_HA2 | THR753_N-GLY223_H
755LEU_39SER,755,LEU,PPR,39,SER,MetY,1,LEU755_O-SER39_HG
756PRO_39SER,756,PRO,PPR,39,SER,MetY,2,PRO756_N-SER39_OG | PRO756_N-SER39_HG
756PRO_40ARG,756,PRO,PPR,40,ARG,MetY,1,PRO756_O-ARG40_HH21
757PRO_38LEU,757,PRO,PPR,38,LEU,MetY,1,PRO757_C-LEU38_O
757PRO_39SER,757,PRO,PPR,39,SER,MetY,1,PRO757_C-SER39_HA
757PRO_40ARG,757,PRO,PPR,40,ARG,MetY,3,PRO757_N-ARG40_HE | PRO757_N-ARG40_HH21 | PRO757_N-ARG40_NH2
758VAL_38LEU,758,VAL,PPR,38,LEU,MetY,1,VAL758_CA-LEU38_O
758VAL_40ARG,758,VAL,PPR,40,ARG,MetY,3,VAL758_N-ARG40_HH21 | VAL758_CB-ARG40_NH2 | VAL758_CB-ARG40_HH22
762SER_40ARG,762,SER,PPR,40,ARG,MetY,3,SER762_N-ARG40_NH2 | SER762_N-ARG40_HH22 | SER762_OG-ARG40_HH12
763LYS_40ARG,763,LYS,PPR,40,ARG,MetY,1,LYS763_N-ARG40_HH12
764PRO_863GLN,764,PRO,PPR,863,GLN,Macro Domain,2,PRO764_HD3-GLN863_HG2 | PRO764_HB3-GLN863_HG3
765THR_863GLN,765,THR,PPR,863,GLN,Macro Domain,1,THR765_N-GLN863_HE22
766ASP_40ARG,766,ASP,PPR,40,ARG,MetY,1,ASP766_OD1-ARG40_HH11
766ASP_859HIE,766,ASP,PPR,859,HIE,Macro Domain,2,ASP766_CB-HIE859_HE2 | ASP766_OD1-HIE859_HE2
766ASP_863GLN,766,ASP,PPR,863,GLN,Macro Domain,3,ASP766_OD1-GLN863_HE21 | ASP766_OD2-GLN863_HE21 | ASP766_C-GLN863_HE21
774ARG_853PRO,774,ARG,PPR,853,PRO,Macro Domain,1,ARG774_HH12-PRO853_O
775PRO_855GLY,775,PRO,PPR,855,GLY,Macro Domain,5,PRO775_CG-GLY855_HA2 | PRO775_CG-GLY855_HA3 | PRO775_HG2-GLY855_HA2 | PRO775_CB-GLY855_HA2 | PRO775_HD2-GLY855_HA2
775PRO_856GLY,775,PRO,PPR,856,GLY,Macro Domain,1,PRO775_CB-GLY856_H
775PRO_859HIE,775,PRO,PPR,859,HIE,Macro Domain,3,PRO775_CA-HIE859_HB2 | PRO775_CA-HIE859_HB3 | PRO775_HB3-HIE859_HB2
777VAL_854GLY,777,VAL,PPR,854,GLY,Macro Domain,1,VAL777_CG1-GLY854_O
778ARG_833GLY,778,ARG,PPR,833,GLY,Macro Domain,2,ARG778_NH2-GLY833_O | ARG778_C-GLY833_O
778ARG_856GLY,778,ARG,PPR,856,GLY,Macro Domain,2,ARG778_N-GLY856_H | ARG778_CB-GLY856_HA2
779GLU_856GLY,779,GLU,PPR,856,GLY,Macro Domain,1,GLU779_CA-GLY856_H
779GLU_899ARG,779,GLU,PPR,899,ARG,Macro Domain,6,GLU779_OE1-ARG899_HH12 | GLU779_OE1-ARG899_HH22 | GLU779_OE2-ARG899_HH12 | GLU779_OE2-ARG899_HH22 | GLU779_C-ARG899_HH12 | GLU779_C-ARG899_HH22
780PRO_932GLN,780,PRO,PPR,932,GLN,Macro Domain,2,PRO780_N-GLN932_HE22 | PRO780_N-GLN932_NE2
781PRO_932GLN,781,PRO,PPR,932,GLN,Macro Domain,4,PRO781_C-GLN932_HB3 | PRO781_C-GLN932_O | PRO781_C-GLN932_HB2 | PRO781_CG-GLN932_HE22
781PRO_957PRO,781,PRO,PPR,957,PRO,Macro Domain,1,PRO781_CA-PRO957_HD3
782THR_932GLN,782,THR,PPR,932,GLN,Macro Domain,1,THR782_CA-GLN932_O
785PRO_934PRO,785,PRO,PPR,934,PRO,Macro Domain,2,PRO785_N-PRO934_HD2 | PRO785_CG-PRO934_HG2
785PRO_957PRO,785,PRO,PPR,957,PRO,Macro Domain,1,PRO785_HD3-PRO957_HB2
787LEU_961TRP,787,LEU,PPR,961,TRP,Macro Domain,1,LEU787_N-TRP961_HD1
791SER_54GLN,791,SER,PPR,54,GLN,MetY,1,SER791_N-GLN54_HE21
795ASN_53ARG,795,ASN,PPR,53,ARG,MetY,1,ASN795_HD22-ARG53_O
795ASN_54GLN,795,ASN,PPR,54,GLN,MetY,2,ASN795_CA-GLN54_OE1 | ASN795_H-GLN54_OE1
797PRO_960ALA,797,PRO,PPR,960,ALA,Macro Domain,2,PRO797_HB3-ALA960_HB1 | PRO797_HB3-ALA960_HB3
798SER_956GLU,798,SER,PPR,956,GLU,Macro Domain,1,SER798_HG-GLU956_HG3
798SER_957PRO,798,SER,PPR,957,PRO,Macro Domain,1,SER798_HB3-PRO957_HA
799LEU_956GLU,799,LEU,PPR,956,GLU,Macro Domain,2,LEU799_CA-GLU956_HG2 | LEU799_CA-GLU956_HG3
801THR_956GLU,801,THR,PPR,956,GLU,Macro Domain,1,THR801_CA-GLU956_OE2
803ARG_834SER,803,ARG,PPR,834,SER,Macro Domain,5,ARG803_CZ-SER834_OG | ARG803_HH22-SER834_OG | ARG803_HH22-SER834_HG | ARG803_HH21-SER834_OG | ARG803_HH22-SER834_CB
803ARG_956GLU,803,ARG,PPR,956,GLU,Macro Domain,6,ARG803_NH2-GLU956_CD | ARG803_NH2-GLU956_OE1 | ARG803_NH2-GLU956_OE2 | ARG803_C-GLU956_CD | ARG803_C-GLU956_OE1 | ARG803_C-GLU956_OE2
806VAL_1007ILE,806,VAL,PPR,1007,ILE,Helicase,4,VAL806_N-ILE1007_H | VAL806_CB-ILE1007_H | VAL806_CB-ILE1007_O | VAL806_CB-ILE1007_HB
807ARG_1004ASN,807,ARG,PPR,1004,ASN,Helicase,2,ARG807_CZ-ASN1004_O | ARG807_HD3-ASN1004_O
807ARG_1005PRO,807,ARG,PPR,1005,PRO,Helicase,4,ARG807_CZ-PRO1005_O | ARG807_HH21-PRO1005_O | ARG807_HH22-PRO1005_O | ARG807_CZ-PRO1005_C
807ARG_1007ILE,807,ARG,PPR,1007,ILE,Helicase,1,ARG807_CA-ILE1007_O
807ARG_1008VAL,807,ARG,PPR,1008,VAL,Helicase,1,ARG807_CD-VAL1008_HB
807ARG_1084GLN,807,ARG,PPR,1084,GLN,Helicase,3,ARG807_NE-GLN1084_HE22 | ARG807_HH12-GLN1084_HE22 | ARG807_NE-GLN1084_HG3
808GLU_1084GLN,808,GLU,PPR,1084,GLN,Helicase,3,GLU808_OE1-GLN1084_HE22 | GLU808_OE2-GLN1084_HE22 | GLU808_C-GLN1084_HE22
816ARG_837GLU,816,ARG,PPR,837,GLU,Macro Domain,5,ARG816_HD3-GLU837_O | ARG816_HH11-GLU837_O | ARG816_HH12-GLU837_O | ARG816_NE-GLU837_HB3 | ARG816_HH12-GLU837_C
816ARG_839ASP,816,ARG,PPR,839,ASP,Macro Domain,4,ARG816_NH2-ASP839_CG | ARG816_C-ASP839_OD2 | ARG816_C-ASP839_CG | ARG816_C-ASP839_OD1
